objectid,title,creator,date,description,subject,location,latitude,longitude,source,identifier,type,format,language,rights,rightsstatement,display_template,object_location,archive_link,image_small,image_thumb,filename,filename_original,thumbs_to_process,thumbs_new_filename
wolf_001,Draft Gray Wolf Management Plan 2023-2028: Idaho Fish and Game,Idaho Department of Fish and Game,2023,Draft Gray Wolf Management Plan 2023-2028.,wildlife management; hunting; trapping; idaho department of fish and game,"Boise, Idaho",43.618881,-116.215019,Idaho Official Government Website,,,application/pdf,eng,,,pdf,https://cdil.lib.uidaho.edu/wolf-reintroduction/objects/draft_2023_idfg_wolf_management_plan.pdf,,https://cdil.lib.uidaho.edu/wolf-reintroduction/objects/small/draft_2023_idfg_wolf_management_plan_sm.jpg,https://cdil.lib.uidaho.edu/wolf-reintroduction/objects/thumbs/draft_2023_idfg_wolf_management_plan_th.jpg,draft_2023_idfg_wolf_management_plan.pdf,DRAFT 2023 IDFG Wolf Management Plan.pdf,,
wolf_002,Can Large Carnivores Change Streams via a Trophic Cascade?,"Beschta, Robert L., and William J. Ripple.",2019,Article about the effects of removing large carnivores from ecosystems.,reintroduction; ecosystem,"Blacktail Deer Creek, Montana",45.2313108,-112.6339091,"Ecohydrology, vol. 12, no. 1 ",,,application/pdf,eng,,,pdf,https://cdil.lib.uidaho.edu/wolf-reintroduction/objects/ecohydrology_2018_beschta.pdf,,https://cdil.lib.uidaho.edu/wolf-reintroduction/objects/small/ecohydrology_2018_beschta_sm.jpg,https://cdil.lib.uidaho.edu/wolf-reintroduction/objects/thumbs/ecohydrology_2018_beschta_th.jpg,ecohydrology_2018_beschta.pdf,Ecohydrology - 2018 - Beschta - Can large carnivores change streams via a trophic cascade.pdf,,
wolf_003,Wolves Finding Their Niche in the River of No Return Wilderness,"Brannon, Louise",1995,Article about the first wolves reintroduced in Idaho.,reintroduction; ecosystem,"Corn Creek, Idaho",45.3682485,-114.6862068,Frankly Speaking: Biannual Report of the Frank Church - River of No Return Wilderness,,,application/pdf,eng,,,pdf,https://cdil.lib.uidaho.edu/wolf-reintroduction/objects/frankly_speaking_1995.pdf,,https://cdil.lib.uidaho.edu/wolf-reintroduction/objects/small/frankly_speaking_1995_sm.jpg,https://cdil.lib.uidaho.edu/wolf-reintroduction/objects/thumbs/frankly_speaking_1995_th.jpg,frankly_speaking_1995.pdf,Frankly Speaking (1995).pdf,,
wolf_004,What’s All the Howling about?,"White, Craig",2010,Wolf impacts in Lolo region.,wildlife management; predation,"Lolo Pass, Idaho",46.6351985,-114.5798362,"Idaho Official Government Website, https://idfg.idaho.gov/sites/default/files/old-web/docs/wolves/articleHowling.pdf",,,application/pdf,eng,,,pdf,https://cdil.lib.uidaho.edu/wolf-reintroduction/objects/howling_about.pdf,,https://cdil.lib.uidaho.edu/wolf-reintroduction/objects/small/howling_about_sm.jpg,https://cdil.lib.uidaho.edu/wolf-reintroduction/objects/thumbs/howling_about_th.jpg,howling_about.pdf,Howling about.pdf,,
wolf_005,Infographic: Wolves Keep Yellowstone in the Balance,Earthjustice,2015-02-02,Infographic about gray wolf extermination from Yellowstone and ecosystem collapse known as trophic cascade.,ecosystem; yellowstone national park; trophic cascade; extermination,"Yellowstone National Park, Wyoming",44.428,110.5885,"Earthjustice, https://earthjustice.org/features/infographic-wolves-keep-yellowstone-in-the-balance",,,record,eng,,,record,https://earthjustice.org/features/infographic-wolves-keep-yellowstone-in-the-balance,https://perma.cc/L9MC-RBWL,https://cdil.lib.uidaho.edu/wolf-reintroduction/objects/small/infographic-wolves_sm.jpg,https://cdil.lib.uidaho.edu/wolf-reintroduction/objects/thumbs/infographic-wolves_th.jpg,,,infographic-wolves.jpg,infographic-wolves.jpg
wolf_006,The Foundation for Wildlife Management: Ensuring Ungulate Populations Recover in Areas Negatively Impacted by Wolves,The Foundation for Wildlife Management,2023,The Foundation for Wildlife Management's mission statement about ungulate population recovery.,wildlife management; hunting; trapping,"Ponderay, Idaho",48.3055,116.5338,"Foundation for Wildlife Management, https://f4wm.org/",,,record,eng,,,record,https://f4wm.org/,https://perma.cc/PY2M-Y8JQ,https://cdil.lib.uidaho.edu/wolf-reintroduction/objects/small/f4wm_sm.jpg,https://cdil.lib.uidaho.edu/wolf-reintroduction/objects/thumbs/f4wm_th.jpg,,,f4wm.jpg,f4wm.jpg
wolf_007,The Rocky Mountain Elk Foundation Is Funding a $1000 'Bounty' per Trapped and Killed Wolf in Idaho,"Koehler, Matthew",2020-09-11,Article from The Smokey Wire : National Forest News and Views.,trapping; wildlife management; bounty; outfitter,"Grant Creek, Montana",46.8929788,-114.0895564,"“The Rocky Mountain Elk Foundation Is Funding a $1000 'Bounty' per Trapped and Killed Wolf in Idaho.” The Smokey Wire : National Forest News and Views, https://forestpolicypub.com/2019/01/25/rmef-funding-a-1000-bounty-per-trapped-and-killed-wolf-in-idaho/",,,record,eng,,,record,https://forestpolicypub.com/2019/01/25/rmef-funding-a-1000-bounty-per-trapped-and-killed-wolf-in-idaho/,https://perma.cc/2VGL-MDG3,https://cdil.lib.uidaho.edu/wolf-reintroduction/objects/small/the_smokey_wire_sm.jpg,https://cdil.lib.uidaho.edu/wolf-reintroduction/objects/thumbs/the_smokey_wire_th.jpg,,,The Smokey Wire.jpg,the_smokey_wire.jpg
wolf_008,Is There a Difference between a Idaho Grey Wolf and a Northern Canadian Wolf,"Phillips, Roger",2018-09-26,Q & A with Idaho Department of Fish & Game.,biology; regions; idaho department of fish and game,"Boise, Idaho",43.618881,-116.215019,"Idaho Official Government Website, https://idfg.idaho.gov/d7/question/there-difference-between-idaho-grey-wolf-and-northern-canadian-wolf",,,record,eng,,,record,https://idfg.idaho.gov/d7/question/there-difference-between-idaho-grey-wolf-and-northern-canadian-wolf,https://perma.cc/9KRW-5K58,https://cdil.lib.uidaho.edu/wolf-reintroduction/objects/small/ask_idfg_sm.jpg,https://cdil.lib.uidaho.edu/wolf-reintroduction/objects/thumbs/ask_idfg_th.jpg,,,Ask IDFG.jpg,ask_idfg.jpg
wolf_009,Clearwater Region: Idaho Fish and Game,Idaho Department of Fish and Game,2023,Description of Clearwater Region.,regions,"Clearwater River, Idaho",46.4932,-116.3248,"Idaho Official Government Website, https://idfg.idaho.gov/region/clearwater",,,record,eng,,,record,https://idfg.idaho.gov/region/clearwater,https://perma.cc/MS6Z-FLDA,https://cdil.lib.uidaho.edu/wolf-reintroduction/objects/small/clearwater_sm.jpg,https://cdil.lib.uidaho.edu/wolf-reintroduction/objects/thumbs/clearwater_th.jpg,,,Clearwater.jpg,clearwater.jpg
wolf_010,Magic Valley Region: Idaho Fish and Game,Idaho Department of Fish and Game,2023,Description of Magic Valley Region.,regions,"Jerome, Idaho",42.7241,-114.5187,"Idaho Official Government Website, https://idfg.idaho.gov/region/magic-valley",,,record,eng,,,record,https://idfg.idaho.gov/region/magic-valley,https://perma.cc/K2W6-7T7Z,https://cdil.lib.uidaho.edu/wolf-reintroduction/objects/small/magic_valley_sm.jpg,https://cdil.lib.uidaho.edu/wolf-reintroduction/objects/thumbs/magic_valley_th.jpg,,,Magic Valley.jpeg,magic_valley.jpeg
wolf_011,Panhandle Region: Idaho Fish and Game,Panhandle Region: Idaho Fish and Game,2023,Description of Panhandle Region.,regions,Coeur d'Alene,47.6735,116.7812,"Idaho Official Government Website, https://idfg.idaho.gov/region/panhandle",,,record,eng,,,record,https://idfg.idaho.gov/region/panhandle,https://perma.cc/WNH5-AFQC,https://cdil.lib.uidaho.edu/wolf-reintroduction/objects/small/panhandle_region_sm.jpg,https://cdil.lib.uidaho.edu/wolf-reintroduction/objects/thumbs/panhandle_region_th.jpg,,,Panhandle region.jpg,panhandle_region.jpg
wolf_012,Salmon Region: Idaho Fish and Game,Idaho Department of Fish and Game,2023,Description of Salmon Region.,regions,"Salmon, Idaho",45.1735,-113.9017,"Idaho Official Government Website, https://idfg.idaho.gov/region/salmon",,,record,eng,,,record,https://idfg.idaho.gov/region/salmon,https://perma.cc/CCF5-AF56,https://cdil.lib.uidaho.edu/wolf-reintroduction/objects/small/salmon_region_sm.jpg,https://cdil.lib.uidaho.edu/wolf-reintroduction/objects/thumbs/salmon_region_th.jpg,,,Salmon region.jpg,salmon_region.jpg
wolf_013,Southeast Region: Idaho Fish and Game,Idaho Department of Fish and Game,2023,Description of Southeast Region.,regions,"Pocatello, Idaho",42.8621,-112.452911,"Idaho Official Government Website, https://idfg.idaho.gov/region/southeast",,,record,eng,,,record,https://idfg.idaho.gov/region/southeast,https://perma.cc/5TEH-M7HN,https://cdil.lib.uidaho.edu/wolf-reintroduction/objects/small/southeast_region_sm.jpg,https://cdil.lib.uidaho.edu/wolf-reintroduction/objects/thumbs/southeast_region_th.jpg,,,Southeast region.jpg,southeast_region.jpg
wolf_014,Southwest Region: Idaho Fish and Game,Idaho Department of Fish and Game,2023,Description of Southwest Region.,regions,"Boise, Idaho",43.618881,-116.215019,"Idaho Official Government Website, https://idfg.idaho.gov/region/southwest",,,record,eng,,,record,https://idfg.idaho.gov/region/southwest,https://perma.cc/X59G-UCCW,https://cdil.lib.uidaho.edu/wolf-reintroduction/objects/small/southwest_region_sm.jpg,https://cdil.lib.uidaho.edu/wolf-reintroduction/objects/thumbs/southwest_region_th.jpg,,,Southwest region.jpg,southwest_region.jpg
wolf_015,Upper Snake Region: Idaho Fish and Game,Idaho Department of Fish and Game,2023,Description of Upper Snake Region.,regions,"Idaho Falls, Idaho",43.4927,-112.0408,"Idaho Official Government Website, https://idfg.idaho.gov/region/upper-snake",,,record,eng,,,record,https://idfg.idaho.gov/region/upper-snake,https://perma.cc/8HWD-JGHA,https://cdil.lib.uidaho.edu/wolf-reintroduction/objects/small/upper_snake_sm.jpg,https://cdil.lib.uidaho.edu/wolf-reintroduction/objects/thumbs/upper_snake_th.jpg,,,Upper Snake.jpg,upper_snake.jpg
wolf_016,Regions: Idaho Fish and Game,Idaho Department of Fish and Game,2023,Fish & Game regions of Idaho.,hunting; regions; map,Idaho,,,,,,record,eng,,,record,https://idfg.idaho.gov/regions,https://perma.cc/6L5G-7BRJ,https://cdil.lib.uidaho.edu/wolf-reintroduction/objects/small/idfg_regions_sm.jpg,https://cdil.lib.uidaho.edu/wolf-reintroduction/objects/thumbs/idfg_regions_th.jpg,,,IDFG regions.jpg,idfg_regions.jpg
wolf_017,Wolf Management / Status Timeline: Idaho Fish and Game,Idaho Department of Fish and Game,2018,"Timeline of wolf reintroduction and management in Idaho, Montana, and Wyoming.",hunting; wildlife management; legislation; history; idaho department of fish and game,"Boise, Idaho",43.618881,-116.215019,"""Wolf Management / Status Timeline: Idaho Fish and Game.” Idaho Department of Fish and Game, Idaho Official Government Website, https://idfg.idaho.gov/wildlife/wolf/recovery-reintroduction.",,,record,eng,,,record,https://idfg.idaho.gov/wildlife/wolf/recovery-reintroduction,https://perma.cc/7FVA-FUUP,https://cdil.lib.uidaho.edu/wolf-reintroduction/objects/small/idfg_wolf_reintroduction_timeline_sm.jpg,https://cdil.lib.uidaho.edu/wolf-reintroduction/objects/thumbs/idfg_wolf_reintroduction_timeline_th.jpg,,,IDFG Wolf Reintroduction Timeline.jpg,idfg_wolf_reintroduction_timeline.jpg
wolf_018,Wolves Part 3 Meet Jay and Chyenne Smith: Raising Livestock in Idaho,Idaho Rangeland Resource Commission,2019,Rancher stories.,stories; rangeland; cattle,"Salmon, Idaho",45.1735,-113.9017,"Idaho Rangeland Resource Commission, https://idrange.org/range-stories/central-idaho/meet-jay-and-chyenne-smith-raising-livestock-in-idaho/",,,record,eng,,,record,https://idrange.org/range-stories/central-idaho/meet-jay-and-chyenne-smith-raising-livestock-in-idaho/,https://perma.cc/ALC4-C8P8,https://cdil.lib.uidaho.edu/wolf-reintroduction/objects/small/wolves_part_3_sm.jpg,https://cdil.lib.uidaho.edu/wolf-reintroduction/objects/thumbs/wolves_part_3_th.jpg,,,Wolves Part 3.jpg,wolves_part_3.jpg
wolf_019,"Wolves Part 4 Unforeseen Impacts Caused by Wolves in Idaho I, ",daho Rangeland Resource Commission,2019,Impacts of wolves on cattle and ranchers.,stories; predation; rangeland; cattle,"Council, Idaho",44.7299,-116.4382,"Idaho Rangeland Resource Commission, https://idrange.org/range-stories/north-central-idaho/unforeseen-impacts-caused-by-wolves-in-idaho/",,,record,eng,,,record,https://idrange.org/range-stories/north-central-idaho/unforeseen-impacts-caused-by-wolves-in-idaho/,https://perma.cc/4DNC-UG2F,https://cdil.lib.uidaho.edu/wolf-reintroduction/objects/small/wolves_part_4_sm.jpg,https://cdil.lib.uidaho.edu/wolf-reintroduction/objects/thumbs/wolves_part_4_th.jpg,,,Wolves Part 4.jpg,wolves_part_4.jpg
wolf_020,Wolves Part 5 Wolf Management in Idaho,Idaho Rangeland Resource Commission,2019,Wolf management in Idaho.,wildlife managment; hunting; trapping; predation; cattle; rangeland,"Leadore, Idaho",44.6802,-113.3581,"Idaho Rangeland Resource Commission, https://idrange.org/range-stories/north-central-idaho/wolves-part-5-wolf-management-in-idaho/",,,record,eng,,,record,https://idrange.org/range-stories/north-central-idaho/wolves-part-5-wolf-management-in-idaho/,https://perma.cc/S8UP-VRV3,https://cdil.lib.uidaho.edu/wolf-reintroduction/objects/small/wolves_part_5_sm.jpg,https://cdil.lib.uidaho.edu/wolf-reintroduction/objects/thumbs/wolves_part_5_th.jpg,,,Wolves Part 5.jpg,wolves_part_5.jpg
wolf_021,Wolves Part 2 Wolf Reintroduction in Idaho (1995-2011),Idaho Rangeland Resource Commission,2019,History of wolf reintroduction.,history; reintroduction,"Frank Church River of No Return Wilderness, Idaho",45.0804685,-114.9628785,"Idaho Rangeland Resource Commission, https://idrange.org/range-stories/north-idaho/wolf-reintroduction-in-idaho/",,,record,eng,,,record,https://idrange.org/range-stories/north-idaho/wolf-reintroduction-in-idaho/,https://perma.cc/G46K-P398,https://cdil.lib.uidaho.edu/wolf-reintroduction/objects/small/wolves_part_2_sm.jpg,https://cdil.lib.uidaho.edu/wolf-reintroduction/objects/thumbs/wolves_part_2_th.jpg,,,Wolves Part 2.jpg,wolves_part_2.jpg
wolf_022,Wolves in Idaho,Idaho Rangeland Resource Commission,2019,Range stories about wolf reintroduction and its impacts in Idaho.,rangeland; cattle; history,"Emmett, Idaho",43.8735,-116.4993,"Idaho Rangeland Resource Commission, https://idrange.org/range-stories/north-idaho/wolves-in-idaho/",,,record,eng,,,record,https://idrange.org/range-stories/north-idaho/wolves-in-idaho/,https://perma.cc/NLR6-RDMS,https://cdil.lib.uidaho.edu/wolf-reintroduction/objects/small/wolves_in_idaho_sm.jpg,https://cdil.lib.uidaho.edu/wolf-reintroduction/objects/thumbs/wolves_in_idaho_th.jpg,,,Wolves in Idaho.jpg,wolves_in_idaho.jpg
wolf_023,Wolves Part 1 Early History of Wolves in Idaho,Idaho Rangeland Resource Commission,2019,History of wolf extermination in Idaho.,history; extermination,"Emmett, Idaho",43.8735,-116.4993,"Idaho Rangeland Resource Commission, https://idrange.org/range-stories/north-idaho/wolves-part-1-history-of-wolves/",,,record,eng,,,record,https://idrange.org/range-stories/north-idaho/wolves-part-1-history-of-wolves/,https://perma.cc/5FUR-6GQB,https://cdil.lib.uidaho.edu/wolf-reintroduction/objects/small/wolves_part_1_sm.jpg,https://cdil.lib.uidaho.edu/wolf-reintroduction/objects/thumbs/wolves_part_1_th.jpg,,,Wolves Part 1.jpg,wolves_part_1.jpg
wolf_024,Welcome to the Shoshone-Paiute Tribes FISH & GAME DEPARTMENT,Shoshon-Paiute Tribes of the Duck Valley Indian Reservation,2022,Shoshon-Paiute Tribes' mission statment about fish and game.,Native American; wildlife management,"Duck Valley, Idaho",41.8752,116.1262,"Sho-Pai Tribes, https://shopaitribes.org/spfish/",,,record,eng,,,record,https://shopaitribes.org/spfish/,https://perma.cc/L4R5-BLBR,https://cdil.lib.uidaho.edu/wolf-reintroduction/objects/small/shoshone-paiute_tribes_sm.jpg,https://cdil.lib.uidaho.edu/wolf-reintroduction/objects/thumbs/shoshone-paiute_tribes_th.jpg,,,Shoshone-Paiute Tribes.jpg,shoshone-paiute_tribes.jpg
wolf_025,Idaho Senate Bill 1211,Backcountry Hunters & Anglers,2021,Article about Idaho Senate Bill 1211.,legislation; hunting ; wildlife management,"Boise, Idaho",43.618881,-116.215019,"Backcountry Hunters & Anglers, https://www.backcountryhunters.org/idaho_senate_bill_1211",,,record,eng,,,record,https://www.backcountryhunters.org/idaho_senate_bill_1211,https://perma.cc/N8BL-AYUM,https://cdil.lib.uidaho.edu/wolf-reintroduction/objects/small/bha_sm.jpg,https://cdil.lib.uidaho.edu/wolf-reintroduction/objects/thumbs/bha_th.jpg,,,BHA.jpg,bha.jpg
wolf_026,Idaho Fish and Game Wants to Reduce the Wolf Population by 60%,"Cohen, Rachel",2023,Article about Idaho Department of Fish and Game's new wolf management plan (2023).,wildlife management; regions; hunting,"Boise State University, Idaho",43.6029,-116.20871,"Boise State Public Radio, https://www.boisestatepublicradio.org/news/2023-01-27/idaho-fish-and-game-wants-to-reduce-the-wolf-population-by-60",,,record,eng,,,record,https://www.boisestatepublicradio.org/news/2023-01-27/idaho-fish-and-game-wants-to-reduce-the-wolf-population-by-60,https://perma.cc/V2MY-LPZU,https://cdil.lib.uidaho.edu/wolf-reintroduction/objects/small/boise_radio_sm.jpg,https://cdil.lib.uidaho.edu/wolf-reintroduction/objects/thumbs/boise_radio_th.jpg,,,Boise Radio.jpg,boise_radio.jpg
wolf_027,Wildlife,Coeur D'Alene Tribe,2022,Coeur D'Alene Tribe's wildlife mission statement,Native American; wildlife management,"Plummer, Idaho",47.3352,-116.8885,"Coeur D'Alene Tribe, https://www.cdatribe-nsn.gov/nr/wildlife/",,,record,eng,,,record,https://www.cdatribe-nsn.gov/nr/wildlife/,https://perma.cc/8VTD-3AX5,https://cdil.lib.uidaho.edu/wolf-reintroduction/objects/small/couer_dalene_tribe_sm.jpg,https://cdil.lib.uidaho.edu/wolf-reintroduction/objects/thumbs/couer_dalene_tribe_th.jpg,,,Couer d'Alene Tribe.jpg,couer_dalene_tribe.jpg
wolf_028,The Return,"Nijhuis, Michelle",2006-02-26,Article about the reintroduction of wolves to Idaho.,reintroduction; ecosystem; history,"Lewiston, Idaho",46.392014,-117.010826,"High Country News, https://www.hcn.org/issues/197/10278",,,record,eng,,,record,https://www.hcn.org/issues/197/10278,https://perma.cc/C95G-ZX9V,https://cdil.lib.uidaho.edu/wolf-reintroduction/objects/small/the_return_sm.jpg,https://cdil.lib.uidaho.edu/wolf-reintroduction/objects/thumbs/the_return_th.jpg,,,The return.jpg,the_return.jpg
wolf_029,"The Wolves Are Back, Big Time","Milstein, Michael",1995-03-06,Article about the reintroduction of wolves to Yellowstone National Park.,reintroduction; ecosystem; history,"Yellowstone National Park, Wyoming",44.428,110.5885,"High Country News, https://www.hcn.org/issues/28/787",,,record,eng,,,record,https://www.hcn.org/issues/28/787,https://perma.cc/6428-6TAN,https://cdil.lib.uidaho.edu/wolf-reintroduction/objects/small/the_wolves_are_back_sm.jpg,https://cdil.lib.uidaho.edu/wolf-reintroduction/objects/thumbs/the_wolves_are_back_th.jpg,,,The wolves are back.jpg,the_wolves_are_back.jpg
wolf_030,Tackling the Myths,Living with Wolves,2020-06-15,Myths surrounding wolves.,myths; stories; wolves,"Sawtooth Range, Idaho",44.1415,-115.01,"Living with Wolves, https://www.livingwithwolves.org/about-wolves/tackling-the-myths/",,,record,eng,,,record,https://www.livingwithwolves.org/about-wolves/tackling-the-myths/,https://perma.cc/7WUX-GC65,https://cdil.lib.uidaho.edu/wolf-reintroduction/objects/small/tackling_the_myths_sm.jpg,https://cdil.lib.uidaho.edu/wolf-reintroduction/objects/thumbs/tackling_the_myths_th.jpg,,,Tackling the Myths.jpg,tackling_the_myths.jpg
wolf_031,Four Perceptions,Living with Wolves,2020,Different perceptions surrounding wolves.,biology; sociology; myth,"Sun Valley, Idaho ",43.697662,-114.352829,"Living with Wolves, https://www.livingwithwolves.org/four-perceptions/",,,record,eng,,,record,https://www.livingwithwolves.org/four-perceptions/,https://perma.cc/4FU8-2CTZ,https://cdil.lib.uidaho.edu/wolf-reintroduction/objects/small/four_perceptions_of_wolves_sm.jpg,https://cdil.lib.uidaho.edu/wolf-reintroduction/objects/thumbs/four_perceptions_of_wolves_th.jpg,,,Four Perceptions of Wolves.jpg,four_perceptions_of_wolves.jpg
wolf_032,Meet the Pack,Living with Wolves,2020-03-17,Description of the Sawtooth Pack.,wolves; biology,"Sawtooth Range, Idaho",44.1415,-115.01,"Living with Wolves, https://www.livingwithwolves.org/sawtooth-pack/meet-the-pack/",,,record,eng,,,record,https://www.livingwithwolves.org/sawtooth-pack/meet-the-pack/,https://perma.cc/32EZ-3MS4,https://cdil.lib.uidaho.edu/wolf-reintroduction/objects/small/meet_the_wolves_sm.jpg,https://cdil.lib.uidaho.edu/wolf-reintroduction/objects/thumbs/meet_the_wolves_th.jpg,,,Meet the wolves.jpg,meet_the_wolves.jpg
wolf_033,Our Observations,Living with Wolves,2019-07-19,Observations of wolf pack behavior.,biology; wolves,"Sawtooth Range, Idaho",44.1415,-115.01,"Living with Wolves, https://www.livingwithwolves.org/sawtooth-pack/our-observations/",,,record,eng,,,record,https://www.livingwithwolves.org/sawtooth-pack/our-observations/,https://perma.cc/C2ZE-D72K,https://cdil.lib.uidaho.edu/wolf-reintroduction/objects/small/our_observations_sm.jpg,https://cdil.lib.uidaho.edu/wolf-reintroduction/objects/thumbs/our_observations_th.jpg,,,Our observations.jpg,our_observations.jpg
wolf_034,Sawtooth Pack Stories,Living with Wolves,2018-12-27,Stories of the Sawtooth pack.,biology; wolves; stories,"Sawtooth Range, Idaho",44.1415,-115.01,"Living with Wolves, https://www.livingwithwolves.org/sawtooth-pack/sawtooth-pack-stories/",,,record,eng,,,record,https://www.livingwithwolves.org/sawtooth-pack/sawtooth-pack-stories/,https://perma.cc/4KRW-AVKQ,https://cdil.lib.uidaho.edu/wolf-reintroduction/objects/small/stories_of_the_sawtooth_pack_sm.jpg,https://cdil.lib.uidaho.edu/wolf-reintroduction/objects/thumbs/stories_of_the_sawtooth_pack_th.jpg,,,Stories of the Sawtooth Pack.jpg,stories_of_the_sawtooth_pack.jpg
wolf_035,Killing Wolves,Living with Wolves,2019-03-18,Article about the violence of killing wolves.,extermination; wildlife management; biology,"Sun Valley, Idaho ",43.697662,-114.352829,"Living with Wolves, https://www.livingwithwolves.org/the-hunting-controversy/",,,record,eng,,,record,https://www.livingwithwolves.org/the-hunting-controversy/,https://perma.cc/T537-5P6L,https://cdil.lib.uidaho.edu/wolf-reintroduction/objects/small/killing_wolves_sm.jpg,https://cdil.lib.uidaho.edu/wolf-reintroduction/objects/thumbs/killing_wolves_th.jpg,,,Killing Wolves.jpg,killing_wolves.jpg
wolf_036,Ranching Solutions,Living with Wolves,2020-07-31,Progressive techniques of wolf/livestock cohabitation.,wildlife management; rangeland; cattle,"Sun Valley, Idaho ",43.697662,-114.352829,"Living with Wolves, https://www.livingwithwolves.org/wolf-issues/ranching-solution/",,,record,eng,,,record,https://www.livingwithwolves.org/wolf-issues/ranching-solution/,https://perma.cc/3BWQ-A3Y6,https://cdil.lib.uidaho.edu/wolf-reintroduction/objects/small/ranching_solutions_sm.jpg,https://cdil.lib.uidaho.edu/wolf-reintroduction/objects/thumbs/ranching_solutions_th.jpg,,,Ranching solutions.jpg,ranching_solutions.jpg
wolf_037,Gray Wolf,Nez Perce Tribe - Wildlife Division,2022,"Nez Perce's mission statement regarding hîmiin, or gray wolves.",Native American; wildlife management,"Lapwai, Idaho",46.4049,-116.8049,"Nez Perce Tribe, https://www.nezpercewildlife.org/gray-wolf",,,record,eng,,,record,https://www.nezpercewildlife.org/gray-wolf,https://perma.cc/K79F-BEBX,https://cdil.lib.uidaho.edu/wolf-reintroduction/objects/small/nez_perce_mission_statement_sm.jpg,https://cdil.lib.uidaho.edu/wolf-reintroduction/objects/thumbs/nez_perce_mission_statement_th.jpg,,,Nez Perce mission statement.jpg,nez_perce_mission_statement.jpg
wolf_038,"Yellowstone Ecosystem Needs Wolves and Willows, Elk and...Beavers?",National Science Foundation,2013,Article about wolves' role in Yellowstone's ecosystem.,ecosystem; yellowstone national park; trophic cascade; extermination,"Yellowstone National Park, Wyoming",44.428,110.5885,"National Science, Foundation, 2013,  https://www.nsf.gov/discoveries/disc_summ.jsp?cntn_id=126853",,,record,eng,,,record,https://www.nsf.gov/discoveries/disc_summ.jsp?cntn_id=126853,https://perma.cc/3XDJ-V5Y6,https://cdil.lib.uidaho.edu/wolf-reintroduction/objects/small/nsf_yellowstone_ecosystem_sm.jpg,https://cdil.lib.uidaho.edu/wolf-reintroduction/objects/thumbs/nsf_yellowstone_ecosystem_th.jpg,,,NSF Yellowstone ecosystem.jpg,nsf_yellowstone_ecosystem.jpg
wolf_039,Fish and Wildlife,Shoshone-Bannock Tribes,2023,Shoshone-Bannock Tribes' Fish and Wildlife mission statement.,Native American; wildlife management,"Fort Hall, Idaho",43.0332,-112.4383,"Shoshone-Bannock Tribes, https://www.sbtribes.com/fish-and-wildlife/",,,record,eng,,,record,https://www.sbtribes.com/fish-and-wildlife/,https://perma.cc/5SDU-FD4Y,https://cdil.lib.uidaho.edu/wolf-reintroduction/objects/small/fish_and_wildlife_shoshone-bannock_tribes_sm.jpg,https://cdil.lib.uidaho.edu/wolf-reintroduction/objects/thumbs/fish_and_wildlife_shoshone-bannock_tribes_th.jpg,,,“Fish and Wildlife.” Shoshone-Bannock Tribes.jpg,fish_and_wildlife_shoshone-bannock_tribes.jpg
wolf_040,Wood River Wolf Project: A Collaborative Community,Wood River Wolf Project,2023,Wood River Wolf Project's mission statement.,nonlethal deterrants,"Blaine County, Idaho",43.4743,-113.9664,"Wood River Wolf Project, https://www.woodriverwolfproject.org/",,,record,eng,,,record,https://www.woodriverwolfproject.org/,https://perma.cc/84XU-W4KT,https://cdil.lib.uidaho.edu/wolf-reintroduction/objects/small/wood_river_mission_statement_sm.jpg,https://cdil.lib.uidaho.edu/wolf-reintroduction/objects/thumbs/wood_river_mission_statement_th.jpg,,,Wood River mission statement.jpg,wood_river_mission_statement.jpg
wolf_041,Mission and History,Wood River Wolf Project,2023,Mission and history of the Wood River Wolf Project,wildlife management; ranching; cattle,"Ketchum, Idaho",43.68074,-114.363663,"Wood River Wolf Project, https://www.woodriverwolfproject.org/history",,,record,eng,,,record,https://www.woodriverwolfproject.org/history,https://perma.cc/Z9SM-5ZKF,https://cdil.lib.uidaho.edu/wolf-reintroduction/objects/small/wood_river_sm.jpg,https://cdil.lib.uidaho.edu/wolf-reintroduction/objects/thumbs/wood_river_th.jpg,,,Wood River.jpg,wood_river.jpg
wolf_042,Nonlethal Deterrents,Wood River Wolf Project,2023,Nonlethal deterrents against wolf predation.,wildlife management; ranching; cattle,"Ketchum, Idaho",43.68074,-114.363663,"Wood River Wolf Project, https://www.woodriverwolfproject.org/tools",,,record,eng,,,record,https://www.woodriverwolfproject.org/tools,https://perma.cc/9XYT-M5LG,https://cdil.lib.uidaho.edu/wolf-reintroduction/objects/small/nonlethal_deterrent_sm.jpg,https://cdil.lib.uidaho.edu/wolf-reintroduction/objects/thumbs/nonlethal_deterrent_th.jpg,,,Nonlethal deterrent.jpg,nonlethal_deterrent.jpg
wolf_043,Wolf Surveys,Wood River Wolf Project,2023,Wolf presence surveys.,surveys,"Garden City, Idaho ",43.6221,-116.2382," Wood River Wolf Project, https://www.woodriverwolfproject.org/wolf-surveys",,,record,eng,,,record,https://www.woodriverwolfproject.org/wolf-surveys,https://perma.cc/YLY4-HWW9,https://cdil.lib.uidaho.edu/wolf-reintroduction/objects/small/wolf_surveys_sm.jpg,https://cdil.lib.uidaho.edu/wolf-reintroduction/objects/thumbs/wolf_surveys_th.jpg,,,Wolf surveys.jpg,wolf_surveys.jpg
wolf_044,"Idaho Fish and Game Commission Meeting: January 26, 2023",Idaho Department of Fish and Game,2023-01-23,"The Jan. 26, 2023 Idaho Fish and Game Commission Meeting in Boise, Idaho.",wildlife management; hunting; trapping; idaho department of fish and game,"Boise, Idaho",43.618881,-116.215019,"Idaho Department of Fish and Game, https://www.youtube.com/watch?v=qDklmNVBH0I[TF(1]",,,video/youtube,eng,,,video,https://www.youtube.com/watch?v=qDklmNVBH0I,https://perma.cc/HD9Z-PEXC,https://img.youtube.com/vi/qDklmNVBH0I/hqdefault.jpg,https://img.youtube.com/vi/qDklmNVBH0I/hqdefault.jpg,,,,
wolf_045,In Wolf Country : the Power and Politics of Reintroduction,"Yuskavitch, James",2015,Book about the history and results of wolf reintroduction in Idaho.,extermination; wildlife management; biology; predation,"Frank Church River of No Return Wilderness, Idaho",45.0804685,-114.9628785,Globe Pequot,,,image/jpg,eng,,,image,https://cdil.lib.uidaho.edu/wolf-reintroduction/objects/in_wolf_country.jpg,,https://cdil.lib.uidaho.edu/wolf-reintroduction/objects/small/in_wolf_country_sm.jpg,https://cdil.lib.uidaho.edu/wolf-reintroduction/objects/thumbs/in_wolf_country_th.jpg,in_wolf_country.jpg,In Wolf Country.jpg,,
wolf_046,Potential Wolf Control Actions in Lolo Zone,,2011,Predation Management Plan For the Lolo and Selway Elk Zones,wildlife management,"Lolo Pass, Idaho",46.6351985,-114.5798362,"Idaho Official Government Website, https://idfg.idaho.gov/",,,application/pdf,eng,,,pdf,https://cdil.lib.uidaho.edu/wolf-reintroduction/objects/loloselwaypredationplan.pdf,,https://cdil.lib.uidaho.edu/wolf-reintroduction/objects/small/loloselwaypredationplan_sm.jpg,https://cdil.lib.uidaho.edu/wolf-reintroduction/objects/thumbs/loloselwaypredationplan_th.jpg,loloselwaypredationplan.pdf,LoloSelwayPredationplan.pdf,,
wolf_047,"Meta-Analysis of Relationships between Human Offtake, Total Mortality and Population Dynamics of Gray Wolves (Canis lupus)","Creel, Scott, and Jay J. Rotella",2010-09-29,Article about annual mortality and population growth to annual human offtake of 21 North American wolf populations.,wildlife management; environment; hunting; trapping; reintroduction,"Northern Rocky Mountains (NRM) Recovery Area (Greater Yellowstone, Central Idaho, Northwest Montana)",,,"PLoS ONE, vol. 5, no. 9, Gale In Context: Opposing Viewpoints, http://dx.doi.org/10.1371/journal.pone.0012918",,,application/pdf,eng,,,pdf,https://cdil.lib.uidaho.edu/wolf-reintroduction/objects/meta-analysis_of_relationships_between_human_offtake_total_mortality_and_population_dynamics_of_gray_wolves.pdf,,https://cdil.lib.uidaho.edu/wolf-reintroduction/objects/small/meta-analysis_of_relationships_between_human_offtake_total_mortality_and_population_dynamics_of_gray_wolves_sm.jpg,https://cdil.lib.uidaho.edu/wolf-reintroduction/objects/thumbs/meta-analysis_of_relationships_between_human_offtake_total_mortality_and_population_dynamics_of_gray_wolves_th.jpg,meta-analysis_of_relationships_between_human_offtake_total_mortality_and_population_dynamics_of_gray_wolves.pdf,"Meta-Analysis of Relationships between Human Offtake, Total Mortality and Population Dynamics of Gray Wolves (Canis lupus).pdf",,
wolf_048,Understanding Predation Management in Idaho,Idaho Department of Fish and Game,2022,Brochure about predation management.,wildlife management; idaho department of fish and game,"Boise, Idaho",43.618881,-116.215019,"Idaho Official Government Website, https://idfg.idaho.gov/old-web/docs/wildlife/predationMgmtBrochure.pdf",,,application/pdf,eng,,,pdf,https://cdil.lib.uidaho.edu/wolf-reintroduction/objects/predationmgmtbrochure.pdf,,https://cdil.lib.uidaho.edu/wolf-reintroduction/objects/small/predationmgmtbrochure_sm.jpg,https://cdil.lib.uidaho.edu/wolf-reintroduction/objects/thumbs/predationmgmtbrochure_th.jpg,predationmgmtbrochure.pdf,predationMgmtBrochure.pdf,,
wolf_049,Wolf Palette,"Bass, Rick",2005,Article about the effects of wolf reintroduction in Yellowstone National Park.,reintroduction; ecosystem; history; nature writing,"Yellowstone National Park, Wyoming",44.428,110.5885,Orion Magazine,,,application/pdf,eng,,,pdf,https://cdil.lib.uidaho.edu/wolf-reintroduction/objects/rick_bass.wolf_palette_copy.pdf,,https://cdil.lib.uidaho.edu/wolf-reintroduction/objects/small/rick_bass.wolf_palette_copy_sm.jpg,https://cdil.lib.uidaho.edu/wolf-reintroduction/objects/thumbs/rick_bass.wolf_palette_copy_th.jpg,rick_bass.wolf_palette_copy.pdf,Rick Bass.Wolf Palette copy.pdf,,
wolf_050,2021 Legislation: Senate Bill 1211,Idaho State Legislature,2021-05-05,Updated wolf control legistlation for Idaho.,hunting; wildlife management; legislation; idaho department of fish and game,"Boise, Idaho",43.618881,-116.215019,"Idaho State Legislature, https://legislature.idaho.gov/",,,application/pdf,eng,,,pdf,https://cdil.lib.uidaho.edu/wolf-reintroduction/objects/sb1211.pdf,,https://cdil.lib.uidaho.edu/wolf-reintroduction/objects/small/sb1211_sm.jpg,https://cdil.lib.uidaho.edu/wolf-reintroduction/objects/thumbs/sb1211_th.jpg,sb1211.pdf,SB1211.pdf,,
wolf_051,Idaho Big Game 2022 Seasons & Rules: 2nd Edition 2022,Idaho Department of Fish and Game,2022,Idaho Department of Fish and Game's big game seasons rules.,wildlife management; hunting; trapping; idaho department of fish and game,"Boise, Idaho",43.618881,-116.215019,Idfg.idaho.gov,,,application/pdf,eng,,,pdf,https://cdil.lib.uidaho.edu/wolf-reintroduction/objects/seasons-rules-big-game-2022.pdf,,https://cdil.lib.uidaho.edu/wolf-reintroduction/objects/small/seasons-rules-big-game-2022_sm.jpg,https://cdil.lib.uidaho.edu/wolf-reintroduction/objects/thumbs/seasons-rules-big-game-2022_th.jpg,seasons-rules-big-game-2022.pdf,seasons-rules-big-game-2022.pdf,,
wolf_052,Moonlight Dinner for Wolves in the Frank Church Wilderness,"Shardlow, Mackenzie, et al. ",2003,Wolf stories from the Frank Church Wilderness.,nature writing; stories,"Frank Church River of No Return Wilderness, Idaho",45.0804685,-114.9628785,"University of Idaho, Special Collections, The Snag, vol. 103, no. 2, pp. 1–3.",,,application/pdf,eng,,,pdf,https://cdil.lib.uidaho.edu/wolf-reintroduction/objects/snag-wolf_piece.pdf,,https://cdil.lib.uidaho.edu/wolf-reintroduction/objects/small/snag-wolf_piece_sm.jpg,https://cdil.lib.uidaho.edu/wolf-reintroduction/objects/thumbs/snag-wolf_piece_th.jpg,snag-wolf_piece.pdf,Snag-Wolf Piece.pdf,,
wolf_053,The Ninemile Wolves,"Bass, Rick",2003,Book about the first known group of wolves to attempt to settle in Montana outside protected national park territory.,wildlife management; rangeland; cattle; history; nature writing,"Marion, Montana",48.1057,114.6634,The Ninemile Wolves,,,image/jpg,eng,,,image,https://cdil.lib.uidaho.edu/wolf-reintroduction/objects/the_ninemile_wolves.jpg,,https://cdil.lib.uidaho.edu/wolf-reintroduction/objects/small/the_ninemile_wolves_sm.jpg,https://cdil.lib.uidaho.edu/wolf-reintroduction/objects/thumbs/the_ninemile_wolves_th.jpg,the_ninemile_wolves.jpg,The Ninemile Wolves cover.jpg,,
wolf_054,The Wisdom of Wolves: Lessons from the Sawtooth Pack,"Dutcher, Jim and Jamiel",2018,"In this book, the Dutchers reflect on the virtues they observed in wolf society and behavior.",biology; wolves; ecosystem,"Sawtooth Range, Idaho",44.1415,-115.01,National Geographic,,,image/jpg,eng,,,image,https://cdil.lib.uidaho.edu/wolf-reintroduction/objects/the_wisdom_of_wolves.jpg,,https://cdil.lib.uidaho.edu/wolf-reintroduction/objects/small/the_wisdom_of_wolves_sm.jpg,https://cdil.lib.uidaho.edu/wolf-reintroduction/objects/thumbs/the_wisdom_of_wolves_th.jpg,the_wisdom_of_wolves.jpg,The Wisdom of Wolves.jpg,,
wolf_055,Wolf Camp,Living with Wolves,2019-03-29,Description of Sawtooth pack wolf camp.,wolves; stories; biology; map,"Sawtooth Range, Idaho",44.1415,-115.01,"Living with Wolves, https://www.livingwithwolves.org/wolf-camp/",,,pdf,eng,,,pdf,https://cdil.lib.uidaho.edu/wolf-reintroduction/objects/wolf_camp_-_living_with_wolves.pdf,,https://cdil.lib.uidaho.edu/wolf-reintroduction/objects/small/wolf_camp_-_living_with_wolves_sm.jpg,https://cdil.lib.uidaho.edu/wolf-reintroduction/objects/thumbs/wolf_camp_-_living_with_wolves_th.jpg,wolf_camp_-_living_with_wolves.pdf,Wolf Camp - Living with Wolves.pdf,,
wolf_056,Zoogeography of the Gray Wolf in Idaho: a Historical Review,"Kaminski, Timmothy J.",1998,Zoogeographical history of gray wolves in U.S.,wolves; biology; history; extermination,"Clearwater River, Idaho",46.4932,-116.3248,"ScholarWorks, University of Montana, https://scholarworks.umt.edu/cgi/viewcontent.cgi?article=7512&context=etd",,,application/pdf,eng,,,pdf,https://cdil.lib.uidaho.edu/wolf-reintroduction/objects/zoogeography_of_the_gray_wolf_in_idaho_a_historical_review.pdf,,https://cdil.lib.uidaho.edu/wolf-reintroduction/objects/small/zoogeography_of_the_gray_wolf_in_idaho_a_historical_review_sm.jpg,https://cdil.lib.uidaho.edu/wolf-reintroduction/objects/thumbs/zoogeography_of_the_gray_wolf_in_idaho_a_historical_review_th.jpg,zoogeography_of_the_gray_wolf_in_idaho_a_historical_review.pdf,Zoogeography of the gray wolf in Idaho _ a historical review.pdf,,
wolf_057,Wolf Pups,Idaho Wolf Project,,"Camera trap photo of wolf pups northeast of Lowman, Idaho.",wolves; biology; pack; camera trap photo; Idaho Wolf Project,"Lowman, Idaho",44.081,-115.6187,"Idaho Wolf Project, University of Idaho",,,image/jpg,eng,,,image,https://cdil.lib.uidaho.edu/wolf-reintroduction/objects/wolf_pups_eh.jpg,,https://cdil.lib.uidaho.edu/wolf-reintroduction/objects/small/wolf_pups_eh_sm.jpg,https://cdil.lib.uidaho.edu/wolf-reintroduction/objects/thumbs/wolf_pups_eh_th.jpg,wolf_pups_eh.jpg,wolf_pups_eh(2).jpg,,
wolf_058,Howling Wolf,Idaho Wolf Project,,"Camera trap photo of wolf north of Kellogg, Idaho.",wolves; biology; camera trap photo; Idaho Wolf Project,"Kellogg, Idaho",47.5383,-116.1193,"Idaho Wolf Project, University of Idaho",,,image/jpg,eng,,,image,https://cdil.lib.uidaho.edu/wolf-reintroduction/objects/wolf_wet_howl_edited.jpg,,https://cdil.lib.uidaho.edu/wolf-reintroduction/objects/small/wolf_wet_howl_edited_sm.jpg,https://cdil.lib.uidaho.edu/wolf-reintroduction/objects/thumbs/wolf_wet_howl_edited_th.jpg,wolf_wet_howl_edited.jpg,wolf_wet_howl_edited.jpg,,
wolf_059,Black Wolf,Idaho Wolf Project,2016-08-24,"Camera trap photo of black wolf west of Salmon, Idaho. ",wolves; biology; camera trap photo; Idaho Wolf Project,"Salmon, Idaho",45.1758,-113.8959,"Idaho Wolf Project, University of Idaho",,,image/jpg,eng,,,image,https://cdil.lib.uidaho.edu/wolf-reintroduction/objects/wolf_black_125_low.jpg,,https://cdil.lib.uidaho.edu/wolf-reintroduction/objects/small/wolf_black_125_low_sm.jpg,https://cdil.lib.uidaho.edu/wolf-reintroduction/objects/thumbs/wolf_black_125_low_th.jpg,wolf_black_125_low.jpg,wolf_black_125_low.jpg,,
wolf_060,Wolf Pups Feeding,Idaho Wolf Project,2017-06-16,"Camera trap photo of wolf pack west of Salmon, Idaho. ",wolves; biology; pack; camera trap photo; Idaho Wolf Project,"Salmon, Idaho",45.1758,-113.8959,"Idaho Wolf Project, University of Idaho",,,image/jpg,eng,,,image,https://cdil.lib.uidaho.edu/wolf-reintroduction/objects/wolf_pups_eat.jpg,,https://cdil.lib.uidaho.edu/wolf-reintroduction/objects/small/wolf_pups_eat_sm.jpg,https://cdil.lib.uidaho.edu/wolf-reintroduction/objects/thumbs/wolf_pups_eat_th.jpg,wolf_pups_eat.jpg,wolf_pups_eat.jpg,,
wolf_061,David Ausband,University of Idaho,2023,"Profile of David Ausband, Ph.D., Assistant Unit Leader, Idaho Cooperative Fish and Wildlife Research Unit",University of Idaho; wolves; biology,"Moscow, Idaho",46.731705,-116.999939,"University of Idaho, David Ausband, https://www.uidaho.edu/cnr/faculty/ausband",,,record,eng,,,record,https://www.uidaho.edu/cnr/faculty/ausband,https://perma.cc/AX9C-AVUG,,,,,,
wolf_062,Idaho Wolf Project,David Ausband,2021,"The Idaho Wolf Project has 3 study areas near Salmon, Lowman, and Kellogg, Idaho. The project wants to explore the effects of hunting and trapping on gray wolves in Idaho. So far, hunting and trapping has reduced pup survival by 50%. The Idaho Wolf Project has been genetically sampling wolves in Idaho since 2007, with future plans to assess whether hunting and trapping are affecting wolf behaviors (i.e., propensity to disperse).",University of Idaho; wolves; biology,"Moscow, Idaho",46.731705,-116.999939,"University of Idaho, David Ausband, https://www.uidaho.edu/cnr/faculty/ausband",,,video/youtube,eng,,,record,https://www.youtube.com/@ausbandlab1408,https://perma.cc/8PA3-VYQE,https://cdil.lib.uidaho.edu/wolf-reintroduction/objects/small/ausband_lab_sm.jpg,https://cdil.lib.uidaho.edu/wolf-reintroduction/objects/thumbs/ausband_lab_th.jpg,,,ausband_lab.jpg,ausband_lab.jpg
wolf_063,Nimiipuu Protecting the Environment: Wolf-Grizzly Summit,KRFP Progressive Community Radio for the Palouse,2023-04-08,"KRFP's coverage of the Nimiipuu Protecting the Environment: Wolf-Grizzly Summit at the Clearwater Casino in Lewiston, Idaho.",Native American; wildlife management; conservation,"Lewiston, Idaho",46.392014,-117.010826,"KRFP, https://archive.krfp.org/",,,audio/mp3,eng,,,audio,https://cdil.lib.uidaho.edu/wolf-reintroduction/objects/krfp_wolf_grizzly_summitreport.mp3,,https://cdil.lib.uidaho.edu/wolf-reintroduction/objects/small/nimiipuu_protecting_the_environment_sm.jpg,https://cdil.lib.uidaho.edu/wolf-reintroduction/objects/thumbs/nimiipuu_protecting_the_environment_th.jpg,krfp_wolf_grizzly_summitreport.mp3,krfp_wolf_grizzly_summitreport.mp3,nimiipuu_protecting_the_environment.jpg,nimiipuu_protecting_the_environment.jpg
wolf_064,Wolf Reintroduction (1995-2023),Flori Tulli,2023,Collage about wolf reintroduction in Idaho over the course of 1995 to 2023.,art; collage,"Moscow, Idaho",46.731705,-116.999939,,,,image/jpg,eng,,,image,https://cdil.lib.uidaho.edu/wolf-reintroduction/objects/wolfcollagefinal.jpg,,https://cdil.lib.uidaho.edu/wolf-reintroduction/objects/small/wolfcollagefinal_sm.jpg,https://cdil.lib.uidaho.edu/wolf-reintroduction/objects/thumbs/wolfcollagefinal_th.jpg,wolfcollagefinal.jpg,wolfcollagefinal.jpg,,
wolf_065,Flori Tulli's Graduate Project Proposal,Flori Tulli,2023-02-17,"This recording is the project proposal for my English M.A. non-thesis about wolf reintroduction in Idaho. Rather than write a 30-40 page theoretical paper, I want to create a multimodal project that encapsulates visual art and an interactable webpage. My goal is to create a project that brings together the different viewpoints surrounding wolf presence, demonstrating how they create a complex landscape.",process work; art; collage,"Moscow, Idaho",46.731705,-116.999939,"Youtube, https://youtu.be/3BSsLH3Zcrw",,,video/youtube,eng,,,video,https://youtu.be/3BSsLH3Zcrw,https://perma.cc/ZF7Z-PCJU,https://img.youtube.com/vi/3BSsLH3Zcrw/hqdefault.jpg,https://img.youtube.com/vi/3BSsLH3Zcrw/hqdefault.jpg,,,,
wolf_066,Part 1 of Collage Process: Designing the Base,Flori Tulli,2023,"Part 1 of 4 - Wolf Reintroduction in Idaho: A MultiModal Retelling. In this video, I review the process of designing my collage's base.",process work; art; collage,"Moscow, Idaho",46.731705,-116.999939,"Youtube, https://youtu.be/Flzn3uMWs2w",,,video/youtube,eng,,,video,https://youtu.be/Flzn3uMWs2w,https://perma.cc/GM4E-RNMB,https://img.youtube.com/vi/Flzn3uMWs2w/hqdefault.jpg,https://img.youtube.com/vi/Flzn3uMWs2w/hqdefault.jpg,,,,
wolf_067,Part 2 of Collage Process: Designing the Regions,Flori Tulli,2023,"Part 2 of 4 - Wolf Reintroduction in Idaho: A MultiModal Retelling. In this video, I review the process of designing my collage's regions.",process work; art; collage,"Moscow, Idaho",46.731705,-116.999939,"Youtube, https://youtu.be/azjORb6PhZQ",,,video/youtube,eng,,,video,https://youtu.be/azjORb6PhZQ,https://perma.cc/C8RD-PUFM,https://img.youtube.com/vi/azjORb6PhZQ/hqdefault.jpg,https://img.youtube.com/vi/azjORb6PhZQ/hqdefault.jpg,,,,
wolf_068,Part 3 of Collage Process: Designing the Wolves,Flori Tulli,2023,"Part 3 of 4 - Wolf Reintroduction in Idaho: A MultiModal Retelling. In this video, I review the process of designing my collage's wolves.",process work; art; collage,"Moscow, Idaho",46.731705,-116.999939,"Youtube, https://youtu.be/PNXzYmDh7SA",,,video/youtube,eng,,,video,https://youtu.be/PNXzYmDh7SA,https://perma.cc/7YKW-DE5T,https://img.youtube.com/vi/PNXzYmDh7SA/hqdefault.jpg,https://img.youtube.com/vi/PNXzYmDh7SA/hqdefault.jpg,,,,
wolf_069,Part 4 of Collage Process: Designing the Final Layer,Flori Tulli,2023,"Part 4 of 4 - Wolf Reintroduction in Idaho: A MultiModal Retelling. In this video, I review the process of designing my collage's final layer.",process work; art; collage,"Moscow, Idaho",46.731705,-116.999939,"Youtube, https://youtu.be/ykhLVeEXBzw",,,video/youtube,eng,,,video,https://youtu.be/ykhLVeEXBzw,https://perma.cc/PQV6-3AM8,https://img.youtube.com/vi/ykhLVeEXBzw/hqdefault.jpg,https://img.youtube.com/vi/ykhLVeEXBzw/hqdefault.jpg,,,,
wolf_070,Jaws of Life,Flori Tulli,2022,"This sculpture/fountain was a product of my previous investigation into trophic cascade, a drastic ecosystem change caused by the absence of predators. Working on this project showed me the possibilities of art and ecology in portraying complex ecological relationships, such as the interconnectivity of wolves to deer, beavers, and water tables.",art; sculpture; trophic cascade; ecosystem,"Moscow, Idaho",46.731705,-116.999939,"Youtube, https://youtube.com/shorts/_cLJId8hwv4",,,video/youtube,eng,,,video,https://youtube.com/shorts/_cLJId8hwv4,https://perma.cc/J749-SDQ9,https://img.youtube.com/vi/_cLJId8hwv4/hqdefault.jpg,https://img.youtube.com/vi/_cLJId8hwv4/hqdefault.jpg,,,,
wolf_071,"Edited ""Wolf Management / Status Timeline: Idaho Fish and Game.”",Flori Tulli,2023,"An edited version of the Idaho Department of Fish and Game's Wolf Management / Status Timeline: Idaho Fish and Game,"" starting from oldest events and ending with newest events.",hunting; wildlife management; legislation; history; idaho department of fish and game,"Boise, Idaho",43.618881,-116.215019,"""Wolf Management / Status Timeline: Idaho Fish and Game.” Idaho Department of Fish and Game, Idaho Official Government Website, https://idfg.idaho.gov/wildlife/wolf/recovery-reintroduction.",,,application/pdf,eng,,,pdf,https://cdil.lib.uidaho.edu/wolf-reintroduction/objects/idfg_wolf_reintroduction_timeline.pdf,,https://cdil.lib.uidaho.edu/wolf-reintroduction/objects/small/idfg_wolf_reintroduction_timeline_sm.jpg,https://cdil.lib.uidaho.edu/wolf-reintroduction/objects/thumbs/idfg_wolf_reintroduction_timeline_th.jpg,idfg_wolf_reintroduction_timeline.pdf,idfg_wolf_reintroduction_timeline.pdf,,
wolf_072,"Posing with ""Jaws of Life"" ",Flori Tulli,2022,"A picture of Flori posing with her ""Jaws of Life"" fountain at the Ecological Art Gallery. ",art; sculpture; trophic cascade; ecosystem,"Moscow, Idaho",46.731705,-116.999939,,,,image/jpg,eng,,,image,https://cdil.lib.uidaho.edu/wolf-reintroduction/objects/sculpture_picture.jpg,,https://cdil.lib.uidaho.edu/wolf-reintroduction/objects/small/sculpture_picture_sm.jpg,https://cdil.lib.uidaho.edu/wolf-reintroduction/objects/thumbs/sculpture_picture_th.jpg,sculpture_picture.jpg,sculpture_picture.jpg,,
wolf_073,Graduate Project Website Outline,Flori Tulli,2023,A general outline of how CDIL and I would design this website.,process work; website design,"Moscow, Idaho",46.731705,-116.999939,,,,application/pdf,eng,,,pdf,https://cdil.lib.uidaho.edu/wolf-reintroduction/objects/grad_project_webpage_outline.pdf,,https://cdil.lib.uidaho.edu/wolf-reintroduction/objects/small/grad_project_webpage_outline_sm.jpg,https://cdil.lib.uidaho.edu/wolf-reintroduction/objects/thumbs/grad_project_webpage_outline_th.jpg,grad_project_webpage_outline.pdf,grad_project_webpage_outline.pdf,,
wolf_074,Wolves and Trophic Cascades,Kieran Hughes,2023,"An animation created by Kieran Hughes about trophic cascades, interactions between two or more species that have rippling effects throughout the ecosystem.",animation; art; trophic cascade; ecosystem,"Moscow, Idaho",46.731705,-116.999939,"Youtube, https://youtu.be/Pjv_r8sBPhY",,,video/youtube,eng,,,video,https://youtu.be/Pjv_r8sBPhY,https://perma.cc/7T2V-EZB3,https://cdil.lib.uidaho.edu/wolf-reintroduction/objects/small/hughes_trophiccascade_sm.jpg,https://cdil.lib.uidaho.edu/wolf-reintroduction/objects/thumbs/hughes_trophiccascade_th.jpg,,,hughes_trophiccascade.jpg,hughes_trophiccascade.jpg
wolf_075,Biography Photo,Flori Tulli,2022,Flori amidst the Palouse.,profile,"Pullman, Washington",46.7298,-117.1817,,,,image/jpg,eng,,,image,https://cdil.lib.uidaho.edu/wolf-reintroduction/objects/biography_photo.jpg,,https://cdil.lib.uidaho.edu/wolf-reintroduction/objects/small/biography_photo_sm.jpg,https://cdil.lib.uidaho.edu/wolf-reintroduction/objects/thumbs/biography_photo_th.jpg,biography_photo.jpg,biography_photo.jpg,,
wolf_076,Artist with Final Collage,Flori Tulli,2023,Flori and her finished collage piece.,art; collage,"Moscow, Idaho",46.731705,-116.999939,,,,image/jpg,eng,,,image,https://cdil.lib.uidaho.edu/wolf-reintroduction/objects/pose_with_final_collage.jpg,,https://cdil.lib.uidaho.edu/wolf-reintroduction/objects/small/pose_with_final_collage_sm.jpg,https://cdil.lib.uidaho.edu/wolf-reintroduction/objects/thumbs/pose_with_final_collage_th.jpg,pose_with_final_collage.jpg,pose_with_final_collage.jpg,,